k,state,mean_pc,std_pc,mean_z,std_z,n_hubs,n_connectors,n_significant_pc
2,0,0.24658770272587405,0.19394653606924994,5.794585084666387e-17,1.0,0,0,110
2,1,0.20540943918374913,0.20347377981012557,-3.5059674461847047e-17,0.9999999999999999,0,2,104
3,0,0.2617365000670984,0.1973658187154454,-5.843279076974508e-17,0.9999999999999999,0,2,111
3,1,0.3268625161075183,0.19871260917794706,-6.038055046206992e-17,0.9999999999999999,0,8,110
3,2,0.19937808969364906,0.1933334117120793,5.0641752000445734e-17,1.0,0,1,106
4,0,0.2713203638801343,0.19751434497107756,4.382459307730881e-18,1.0,0,4,108
4,1,0.3042810932742266,0.1896887493735211,-2.4006138207903606e-16,1.0,0,4,110
4,2,0.22143435270972117,0.19602725129280388,9.057082569310487e-17,0.9999999999999999,0,0,110
4,3,0.2609494548537741,0.2119059425675301,-8.375366676996795e-17,1.0,0,3,108
5,0,0.25045300225595196,0.21214958608396337,3.505967446184705e-16,1.0,0,3,103
5,1,0.22375576427639737,0.20154116272965958,-7.791038769299344e-18,1.0,0,2,104
5,2,0.21443343364060347,0.19325654486450755,-6.719770938520684e-17,0.9999999999999999,0,1,108
5,3,0.2382957612805346,0.2097606098161996,1.6555957384761106e-16,1.0,0,3,101
5,4,0.2651663013373027,0.19924787865398208,-1.1102230246251565e-16,1.0,0,3,109
6,0,0.2308213367416282,0.1999936068774323,-1.0030962415472906e-16,1.0,0,3,105
6,1,0.25845101716991237,0.19447937721989142,-8.570142646229278e-17,1.0,0,2,109
6,2,0.18474798431733844,0.19092185756418176,-1.6555957384761105e-17,1.0,0,0,104
6,3,0.2544482172464101,0.1957483274117717,-2.337311630789803e-17,1.0,0,2,108
6,4,0.26787446256816916,0.1999151173966443,2.337311630789803e-17,1.0,0,1,111
6,5,0.2883491195876575,0.2113338494039533,-1.2806519977035796e-16,1.0,0,3,105
7,0,0.29261612244876356,0.21003219540770934,-1.5582077538598687e-16,1.0,0,6,105
7,1,0.3099732680521883,0.19164622451702573,3.481620450030644e-17,1.0,0,5,111
7,2,0.24395599423509903,0.2009484483917653,3.1164155077197375e-17,1.0,0,2,106
7,3,0.2675469548698405,0.21613578005349776,-1.9794107873251147e-16,1.0,0,1,105
7,4,0.21968440872051812,0.2091093522410806,9.15447055392673e-17,0.9999999999999999,1,3,101
7,5,0.30296787195098307,0.1991023365938927,-7.352792838526255e-17,0.9999999999999999,0,2,111
7,6,0.23697980618106712,0.18548938111360938,2.0110618823253932e-16,1.0,0,1,110
8,0,0.2940943966408795,0.20361086305560178,-1.5533383546290568e-16,0.9999999999999999,1,2,109
8,1,0.2246587211593095,0.20644859218544676,-5.843279076974508e-17,1.0,0,2,104
8,2,0.29810254793000285,0.19579637775010497,1.028660587509054e-16,1.0,0,5,109
8,3,0.2550300516798656,0.20646455422825988,-1.5192525600133721e-16,1.0,0,3,111
8,4,0.2475614316429752,0.2021842544862087,-1.6555957384761105e-17,1.0,0,2,108
8,5,0.26127065895208806,0.19343532566407443,5.356339153893299e-17,1.0,0,2,110
8,6,0.2375885374325924,0.2111447304488381,1.1102230246251565e-16,0.9999999999999999,0,2,102
8,7,0.25470434955676535,0.20100266391632113,6.232831015439475e-17,0.9999999999999999,0,3,107
9,0,0.28732686545862995,0.18853153994557864,7.255404853910015e-17,0.9999999999999999,0,1,111
9,1,0.26591561250586077,0.2022499415966132,4.86939923081209e-17,1.0,0,1,110
9,2,0.227657447676279,0.20460439013354295,-7.791038769299344e-18,0.9999999999999999,0,1,107
9,3,0.25301452635689475,0.20291249940331815,6.524994969288201e-17,0.9999999999999999,0,3,107
9,4,0.25166847707301504,0.18997177929653364,-1.84063290924697e-16,1.0,0,0,108
9,5,0.33551932480410307,0.20387027505866367,-2.7244288696393644e-16,0.9999999999999999,0,8,111
9,6,0.2432044445758291,0.19155409973385312,-2.5710427938687837e-16,1.0,0,3,109
9,7,0.2242280344119707,0.207170910002888,-7.669303788529042e-17,1.0,0,3,106
9,8,0.24535900340097827,0.219497631687503,1.3244765907808884e-16,1.0,0,7,105
10,0,0.22649961525056944,0.19888102391890505,8.351019680842734e-17,1.0,1,2,105
10,1,0.25427244418584605,0.20888048465203557,-8.764918615461762e-17,1.0,0,3,101
10,2,0.24934091080706,0.20831501233500505,-1.6555957384761105e-17,1.0,0,2,106
10,3,0.25652028016654144,0.19168427859356127,6.817158923136926e-17,0.9999999999999999,0,2,110
10,4,0.23221955779561712,0.20022981900255488,-3.9880379700351017e-16,1.0,0,2,111
10,5,0.21733460839197663,0.19970769871123098,-1.675073335399359e-16,1.0,0,1,103
10,6,0.24263178227482535,0.18909327631224743,7.206710861601894e-17,1.0,0,1,105
10,7,0.23264042525813847,0.19127030582388627,-2.2009684523270647e-16,1.0,0,0,110
10,8,0.23158077079428507,0.2101665743223211,6.817158923136926e-18,1.0,0,5,104
10,9,0.2365146803749581,0.2124747603334405,9.933574430856664e-17,1.0,0,7,105
11,0,0.2529382151225333,0.1904907619841219,2.337311630789803e-17,1.0,0,2,108
11,1,0.23238745266000593,0.2124692136619529,-2.7268635692547703e-17,0.9999999999999999,0,2,101
11,2,0.27191717210033534,0.19337323225140435,-1.7529837230923523e-17,0.9999999999999999,0,3,109
11,3,0.2898514145947976,0.21059664922811466,-9.544022492391697e-17,1.0,0,3,110
11,4,0.24244856688681643,0.20196913112114379,1.6848121338609832e-16,1.0,0,3,111
11,5,0.18910900158893898,0.20026678724494099,-1.5776853507831172e-16,1.0,0,2,102
11,6,0.2484049359646673,0.20403900161740873,-1.7042897307842316e-17,0.9999999999999999,0,2,102
11,7,0.2582124260699489,0.21703864575858095,4.0902953538821554e-17,1.0,0,6,102
11,8,0.2551090529775503,0.22142470375256723,6.719770938520684e-17,1.0,0,4,103
11,9,0.27180470835711656,0.20591096708755577,-1.0469208346245994e-17,1.0,0,4,107
11,10,0.24608296281968578,0.2099603446425676,1.2222192069338346e-16,1.0,0,4,104
12,0,0.2447927644690647,0.20898681791144916,-1.3196071915500764e-16,0.9999999999999999,0,3,101
12,1,0.30046790973270787,0.19504086462107573,6.232831015439475e-17,1.0,0,5,111
12,2,0.22417111676826737,0.20751612473653236,5.697197100050146e-17,0.9999999999999999,0,2,106
12,3,0.2600648384600253,0.20796795184618158,3.554661438492826e-17,0.9999999999999999,0,4,109
12,4,0.27604192196266203,0.21813785244562944,-3.5290970925310625e-16,1.0,0,7,103
12,5,0.237361048384871,0.20639448027991134,9.73879846162418e-18,1.0,0,1,104
12,6,0.2878789517130581,0.21160393743713196,-9.71445146547012e-17,1.0,0,5,105
12,7,0.22580534475161532,0.20750315642878314,4.86939923081209e-19,1.0,0,4,109
12,8,0.2706443858778177,0.1927294282455642,-2.0646252738643262e-16,1.0,0,4,107
12,9,0.2872805915251716,0.2109731122906803,-8.66753063084552e-17,1.0,0,5,105
12,10,0.2262609315009312,0.17929180682887264,5.843279076974508e-18,0.9999999999999999,0,1,109
12,11,0.24934504365625643,0.19726462529749614,9.15447055392673e-17,0.9999999999999999,0,3,111
13,0,0.2125931088345152,0.19691698758286685,2.2496624446351855e-16,1.0,0,0,110
13,1,0.211906809827907,0.20253225748213935,8.424060669304916e-17,1.0,0,2,106
13,2,0.30049418845017745,0.18485710636741332,1.890544251362794e-16,1.0,0,3,110
13,3,0.22601907871725357,0.20109341642427653,-3.311191476952221e-17,0.9999999999999999,0,1,105
13,4,0.3414813103968404,0.18520951149530718,-4.747664250041788e-18,1.0,0,3,112
13,5,0.29821643228048356,0.20876084408319243,-1.129700621548405e-16,1.0,0,3,108
13,6,0.270118235457062,0.19495667525394725,-1.4437768719357848e-16,1.0,0,5,107
13,7,0.19312222075626556,0.20399356676618385,1.8990657000167152e-17,1.0,0,1,101
13,8,0.2471818879386799,0.20812746304875418,6.330219000055717e-17,0.9999999999999999,0,2,106
13,9,0.2529975902541209,0.19612805044418352,-2.337311630789803e-17,1.0,0,3,108
13,10,0.2586995868908543,0.19167087893093632,1.1686558153949016e-16,1.0,0,1,111
13,11,0.2432887944076941,0.21330701854083947,-6.232831015439475e-17,0.9999999999999999,0,3,101
13,12,0.24583318073354513,0.21487635325078025,-3.019027523103496e-17,1.0,0,4,104
14,0,0.26689626461374044,0.19759446235711028,1.947759692324836e-17,1.0,0,2,113
14,1,0.21695732452574118,0.19912432259340004,1.2270886061646468e-16,0.9999999999999999,0,2,104
14,2,0.29951791316336446,0.20012986843032196,-1.509513761551748e-17,1.0,0,9,110
14,3,0.24321153304174678,0.20356000612665992,-2.0256700800178294e-16,1.0,0,3,108
14,4,0.27335907638834134,0.2176474115122765,2.824251553871012e-16,1.0,0,2,108
14,5,0.2218080329985272,0.1969600938977356,2.337311630789803e-17,1.0,0,2,106
14,6,0.2144757123925627,0.21571762878011377,-2.0841028707875746e-16,0.9999999999999999,0,4,105
14,7,0.24783112410724312,0.2005202864716771,1.8990657000167152e-17,1.0,0,4,107
14,8,0.27686528931798093,0.210915621601981,-1.5582077538598687e-17,1.0,0,5,107
14,9,0.2706357617986007,0.191134445850005,-3.5059674461847047e-17,1.0,0,2,112
14,10,0.27678145723420206,0.19886798252350482,7.620609796220921e-17,1.0,0,2,111
14,11,0.22778097568764316,0.21328518483866354,-9.324899527005153e-17,0.9999999999999999,0,3,103
14,12,0.23585649713367712,0.20707350113251652,-1.2563050015495192e-16,1.0,0,3,98
14,13,0.24233770882929465,0.1858246585338525,4.7720112461958483e-17,1.0,0,0,107
