k,state_i,state_j,vi,nmi,ari,q_diff,q_diff_pval
2,0,1,0.1655780684881935,0.7495773695281704,0.6324758742750493,-0.047169392976493474,1.0
3,0,1,0.13438481771875194,0.8247072344542177,0.7028060299652624,0.053526379852020134,1.0
3,0,2,0.16363931014012184,0.7648649646330028,0.6332491139562819,-0.009774084421280027,1.0
3,1,2,0.19490502997940834,0.7308240237466228,0.607983267594462,-0.06330046427330016,1.0
4,0,1,0.19970366522513844,0.7263828723648833,0.5666504684583742,0.044007500520302445,1.0
4,0,2,0.1286623573811128,0.8237938004009923,0.6923448596200983,-0.035306224186445134,1.0
4,0,3,0.05722188846355269,0.9219054215837239,0.9250461464025146,-0.008126670921349333,1.0
4,1,2,0.18947270687546106,0.7390694546608388,0.6787869155107804,-0.07931372470674758,1.0
4,1,3,0.227116832529919,0.6883205170638087,0.5182090877421225,-0.05213417144165178,1.0
4,2,3,0.127198914754747,0.8255164731460453,0.700856521034842,0.0271795532650958,1.0
5,0,1,0.21573093346121613,0.6807264735189367,0.560352849045114,-0.020306882944508553,1.0
5,0,2,0.240482393573639,0.6456568501770866,0.5003961729720173,-0.02484752112498434,1.0
5,0,3,0.2309880323118801,0.6795467460429434,0.5127354502181858,-0.053269043943617866,1.0
5,0,4,0.125016121262655,0.8265940659057798,0.6972976730283631,-0.030983205750902743,1.0
5,1,2,0.2123115139889023,0.6738497412799475,0.5767151015928514,-0.004540638180475787,1.0
5,1,3,0.19237188491727608,0.7224503352355437,0.6243569355130459,-0.03296216099910931,1.0
5,1,4,0.21352716683682196,0.6919849877425887,0.5529456237746406,-0.01067632280639419,1.0
5,2,3,0.15774782072662333,0.7733787532187357,0.692438073522004,-0.028421522818633527,1.0
5,2,4,0.21807585518818148,0.6867689373700966,0.5507911959492071,-0.006135684625918403,1.0
5,3,4,0.1368329573653586,0.8146798159950736,0.7262500527081268,0.022285838192715124,1.0
6,0,1,0.19038285648699566,0.728029568232961,0.5835604896933471,-0.0032988369503128556,1.0
6,0,2,0.2084777409659975,0.6579958563943942,0.5434226828196611,0.04852048785313001,1.0
6,0,3,0.23905258790372863,0.6572235178907233,0.5178913792749554,-0.0036603275208221264,1.0
6,0,4,0.202920973433981,0.7106631125489369,0.5738390903087343,0.0031249808853408556,1.0
6,0,5,0.24141859566802804,0.6553005234030614,0.4720570818263263,0.01405767459802787,1.0
6,1,2,0.13873547060740876,0.7857498328952827,0.6400498307633171,0.05181932480344287,1.0
6,1,3,0.12471283515653678,0.830406604141606,0.8020031564244603,-0.0003614905705092708,1.0
6,1,4,0.07362795692224854,0.9004077602796026,0.892927001811979,0.006423817835653711,1.0
6,1,5,0.10175111235938417,0.8621888110485604,0.7905968237364536,0.017356511548340725,1.0
6,2,3,0.1588984417528782,0.753618068297692,0.6210940745703751,-0.05218081537395214,1.0
6,2,4,0.1178725837347553,0.8183383142748725,0.6645278652735098,-0.045395506967789157,1.0
6,2,5,0.18025979989940316,0.7217786508273774,0.5633325751448123,-0.03446281325510214,1.0
6,3,4,0.11176543200758085,0.8482853426791831,0.817172955616225,0.006785308406162982,1.0
6,3,5,0.1878017085046592,0.7447391926418765,0.637594125187091,0.017718002118849996,1.0
6,4,5,0.12154858137644094,0.8356685857283045,0.7668444096623723,0.010932693712687014,1.0
7,0,1,0.24318238235246092,0.6675577068002733,0.46479721062534246,0.03992134919438206,1.0
7,0,2,0.19195045291152982,0.7375382940219511,0.5291270040280106,-0.02370745200542035,1.0
7,0,3,0.1564559689662672,0.7947519543927467,0.6068915576148751,-0.02921043960129599,1.0
7,0,4,0.17853716644690906,0.7556347951125464,0.5652421824079702,-0.04528066535200115,1.0
7,0,5,0.2035862045261651,0.7345497766614749,0.5655167912904219,-0.001982895600250667,1.0
7,0,6,0.21614858307236826,0.7024232855327618,0.5794404470461287,-0.030218754171727147,1.0
7,1,2,0.15687060465656413,0.7845711431988385,0.6417645656689481,-0.06362880119980241,1.0
7,1,3,0.23219203442582512,0.6941256615890214,0.4913447262848659,-0.06913178879567805,1.0
7,1,4,0.2103733065585202,0.7108063510310056,0.5615878247926814,-0.08520201454638321,1.0
7,1,5,0.19109868046862116,0.7497983124366783,0.6603632987879633,-0.04190424479463273,1.0
7,1,6,0.17140556787163908,0.7629882141848494,0.6821178995304733,-0.07014010336610921,1.0
7,2,3,0.14757588883281583,0.8055533748965188,0.7155905996431509,-0.005502987595875641,1.0
7,2,4,0.10930584511017861,0.8497084143845925,0.8202717859932083,-0.0215732133465808,1.0
7,2,5,0.19886982528463681,0.7395705051290811,0.6335498750080657,0.02172455640516968,1.0
7,2,6,0.19009853284386063,0.7370837118284872,0.6045856799037594,-0.006511302166306798,1.0
7,3,4,0.08642964672583298,0.8860102315577394,0.8216628685980821,-0.016070225750705158,1.0
7,3,5,0.18969289821554045,0.7612584985529123,0.5800102863774368,0.027227544001045323,1.0
7,3,6,0.25496952752702357,0.6618303356791928,0.44576533833580967,-0.001008314570431157,1.0
7,4,5,0.15560266621439858,0.7960358292147767,0.6979974198068096,0.04329776975175048,1.0
7,4,6,0.19236472796275028,0.7336804297073509,0.6014835666433417,0.015061911180274001,1.0
7,5,6,0.1361202075717988,0.8205730435616371,0.7532802890786484,-0.02823585857147648,1.0
8,0,1,0.18657623335331583,0.7472670704074019,0.6206649906645357,-0.050602797152543566,1.0
8,0,2,0.14760655017346438,0.7996887150312888,0.6962230948629973,0.02738084918005823,1.0
8,0,3,0.12646375708102714,0.8291615519071835,0.7606596081633272,-0.02615189380121563,1.0
8,0,4,0.19237867637437833,0.7397534563222123,0.6479335655717585,-0.03570188565611898,1.0
8,0,5,0.149780843933393,0.7973517480126262,0.716304140183898,-0.016969154923425434,1.0
8,0,6,0.2167126494921599,0.7070983587658726,0.5766299907561745,-0.048007749933507315,1.0
8,0,7,0.12182728625621228,0.8351611952112947,0.7588381502262781,-0.0182479831232103,1.0
8,1,2,0.26117669934602294,0.640841047770525,0.4365459694729599,0.0779836463326018,1.0
8,1,3,0.09787443227735262,0.8660277255543688,0.7955235432134059,0.024450903351327935,1.0
8,1,4,0.2235397914667079,0.6935800070098426,0.5103394992443794,0.014900911496424585,1.0
8,1,5,0.10082500280841039,0.8617739720049781,0.7838055778153464,0.03363364222911813,1.0
8,1,6,0.1594445647277963,0.781638386979459,0.6339393270362923,0.0025950472190362506,1.0
8,1,7,0.14548972843533498,0.8005277010117936,0.6973591238440721,0.03235481402933327,1.0
8,2,3,0.20751411857579377,0.7154255169293321,0.5704702004839418,-0.05353274298127386,1.0
8,2,4,0.20877429321289737,0.7132898608983356,0.5967196963661732,-0.06308273483617721,1.0
8,2,5,0.22901674848376544,0.6854478105095684,0.5346939903506999,-0.044350004103483665,1.0
8,2,6,0.2649028591547866,0.6365403030975544,0.4974575789805636,-0.07538859911356555,1.0
8,2,7,0.14516179310078836,0.8006085555485228,0.6900199650283871,-0.04562883230326853,1.0
8,3,4,0.18676324572119943,0.7446983918492222,0.6216618592683115,-0.00954999185490335,1.0
8,3,5,0.05760826606913696,0.9212399276367716,0.9233493538068486,0.009182738877790197,1.0
8,3,6,0.22822928454242353,0.6882984833161107,0.4887336740170403,-0.021855856132291684,1.0
8,3,7,0.11784231920075657,0.8388793598170926,0.8104881591469237,0.007903910678005333,1.0
8,4,5,0.2006679216698329,0.725264302169081,0.5927127378387003,0.018732730732693548,1.0
8,4,6,0.1515244362862014,0.7927638965504042,0.6872966706596539,-0.012305864277388334,1.0
8,4,7,0.20128731444206965,0.7243981162364925,0.6000417407308293,0.017453902532908683,1.0
8,5,6,0.23414850727768188,0.6797174116731082,0.48343452311346896,-0.031038595010081882,1.0
8,5,7,0.1417465974077721,0.8058945722257237,0.7703554155316679,-0.001278828199784865,1.0
8,6,7,0.24363756756530847,0.6667157424468073,0.4640117001053674,0.029759766810297017,1.0
9,0,1,0.1754661426910363,0.7628100796678329,0.6954459258212882,-0.021489516336619996,1.0
9,0,2,0.21308203838865403,0.6943834732223214,0.567301701587714,-0.009510361760109554,1.0
9,0,3,0.19704232729294507,0.730370257288927,0.6126008495861355,-0.03152889018154281,1.0
9,0,4,0.18451130611443917,0.7369313453201608,0.647618085813516,0.0037633708421326295,1.0
9,0,5,0.1607400790163073,0.7920004026200185,0.747826268527918,0.021815530577906306,1.0
9,0,6,0.2552772269715002,0.6543195513196838,0.571669938454539,-0.03989539891154936,1.0
9,0,7,0.1681772495548855,0.7718267958738952,0.6894205288009906,-0.04395255445070023,1.0
9,0,8,0.27906936026399204,0.6351256825266424,0.4837131218359433,-0.06020631605111193,1.0
9,1,2,0.16363931014012184,0.7648649646330028,0.6332491139562819,0.011979154576510442,1.0
9,1,3,0.14114413366548725,0.806520905562577,0.6974441251840334,-0.010039373844922816,1.0
9,1,4,0.038389844826977534,0.9451650514379986,0.8880855560816416,0.025252887178752625,1.0
9,1,5,0.12958518047941578,0.8320364294149591,0.7275600017204666,0.0433050469145263,1.0
9,1,6,0.12808897163119423,0.8262481343545092,0.7822933490041009,-0.018405882574929366,1.0
9,1,7,0.1364345195409552,0.8145708066336492,0.7969360623792027,-0.022463038114080236,1.0
9,1,8,0.2463964489991113,0.6773032916442259,0.47722616041104243,-0.038716799714491934,1.0
9,2,3,0.20496269558458297,0.7016361304237281,0.567643256349086,-0.02201852842143326,1.0
9,2,4,0.1830378302910701,0.7216356815502578,0.5659097894823515,0.013273732602242183,1.0
9,2,5,0.19312233641868462,0.7350704308990834,0.6100027560314689,0.03132589233801586,1.0
9,2,6,0.2065944111948666,0.7025896904746803,0.5801538114191217,-0.03038503715143981,1.0
9,2,7,0.22564478572167965,0.6745006497795117,0.5223816432175412,-0.03444219269059068,1.0
9,2,8,0.19225429321121937,0.733351932328146,0.5778143011037828,-0.050695954291002376,1.0
9,3,4,0.17953397849246497,0.7402259911526802,0.608850932288428,0.03529226102367544,1.0
9,3,5,0.23344676593899022,0.6938505634501403,0.5697988104978972,0.05334442075944912,1.0
9,3,6,0.19835950397843238,0.7276077345654071,0.6105509154618008,-0.00836650873000655,1.0
9,3,7,0.14084362651918358,0.8062126670499096,0.6956458562675202,-0.01242366426915742,1.0
9,3,8,0.2384144082030194,0.6840402794447029,0.5098896341395516,-0.028677425869569118,1.0
9,4,5,0.1456448703482927,0.8013349719333436,0.6617552967066981,0.018052159735773676,1.0
9,4,6,0.11851328845386996,0.8304057694719827,0.7771703482696972,-0.04365876975368199,1.0
9,4,7,0.1614801030799199,0.768449817372132,0.7132201506609905,-0.04771592529283286,1.0
9,4,8,0.2619773445812629,0.6387338703645464,0.434003762545292,-0.06396968689324456,1.0
9,5,6,0.21429834629109648,0.7217679600678009,0.6011110573713161,-0.06171092948945567,1.0
9,5,7,0.2359788705054199,0.6930542203243998,0.5628372494286125,-0.06576808502860654,1.0
9,5,8,0.25390832584855094,0.6812495241057848,0.5423704380404784,-0.08202184662901824,1.0
9,6,7,0.17615960317480803,0.7601586070546228,0.6954040935688041,-0.00405715553915087,1.0
9,6,8,0.2613106698704906,0.6571900733059227,0.4379620308281808,-0.020310917139562568,1.0
9,7,8,0.2662265885743857,0.6500900770946779,0.4564420009029246,-0.016253761600411698,1.0
10,0,1,0.15893461297298195,0.7776657883797907,0.6441112968847595,0.054330601868575634,1.0
10,0,2,0.24512134054141407,0.6491967668600684,0.45953398539405593,0.027774623468219017,1.0
10,0,3,0.1165719292879657,0.8420644240687359,0.8003438988656602,0.013461379511935156,1.0
10,0,4,0.1600406549267275,0.781440481593561,0.6676577733666612,0.0008839368937411107,1.0
10,0,5,0.17132349568891803,0.753462472763852,0.642297758731768,0.01874750056633734,1.0
10,0,6,0.23645207963447576,0.6583224007080948,0.5087158993185613,0.05835675147473707,1.0
10,0,7,0.11609965604540899,0.83295773467099,0.7743564862209434,0.039413907381899094,1.0
10,0,8,0.05176887002882928,0.9292627539508999,0.9247983594916717,0.0031945614953743373,1.0
10,0,9,0.2629307067810611,0.6539428846264373,0.4365800759994546,-0.018137506908669332,1.0
10,1,2,0.23255120846357158,0.6595148312172091,0.514796317349866,-0.026555978400356617,1.0
10,1,3,0.18301900763863524,0.7466354350840665,0.6194625985337125,-0.04086922235664048,1.0
10,1,4,0.2055343286130343,0.7131445920698392,0.5784030690627057,-0.053446664974834523,1.0
10,1,5,0.18990322226760878,0.7203913029375231,0.5880677738973082,-0.035583101302238296,1.0
10,1,6,0.21100428746650848,0.6879969319457525,0.5604043457912712,0.004026149606161433,1.0
10,1,7,0.15574365060377696,0.7707251682275198,0.6212583778698233,-0.01491669448667654,1.0
10,1,8,0.16281141939398977,0.7726427179261393,0.6490328260379735,-0.0511360403732013,1.0
10,1,9,0.2435388900949016,0.6726831671591911,0.5059593295620741,-0.07246810877724497,1.0
10,2,3,0.25188780262340976,0.6433457105335413,0.46900398560195755,-0.014313243956283861,1.0
10,2,4,0.27023763138523715,0.614170056551041,0.4854949869662212,-0.026890686574477907,1.0
10,2,5,0.1804411028174983,0.727871249229407,0.6870911207880417,-0.009027122901881679,1.0
10,2,6,0.21197116676189295,0.6789224100456117,0.5682473068357016,0.03058212800651805,1.0
10,2,7,0.25112401519677524,0.6213367680169619,0.43996886243855565,0.011639283913680076,1.0
10,2,8,0.2406303308216316,0.6562430820766704,0.45764920425945654,-0.02458006197284468,1.0
10,2,9,0.16456781613096416,0.7739278958825679,0.6908533785575921,-0.04591213037688835,1.0
10,3,4,0.1753896714491672,0.7629103360924412,0.6519765181408287,-0.012577442618194046,1.0
10,3,5,0.12448943958055687,0.8227725217219657,0.6894804743160952,0.005286121054402182,1.0
10,3,6,0.22265362148302703,0.6817149715530916,0.5455850932981969,0.04489537196280191,1.0
10,3,7,0.10878227195346529,0.8451587188743277,0.774447360201305,0.025952527869963937,1.0
10,3,8,0.1008632432048358,0.8635796514646163,0.8301090172320812,-0.01026681801656082,1.0
10,3,9,0.2236804965240152,0.7084831939415204,0.5283387321610898,-0.03159888642060449,1.0
10,4,5,0.13787940606077936,0.8020627752137128,0.732846321077838,0.017863563672596228,1.0
10,4,6,0.11593963721988881,0.8328667159057367,0.7673809042125518,0.05747281458099596,1.0
10,4,7,0.199120812419581,0.7141921015789434,0.5806543166989604,0.03852997048815798,1.0
10,4,8,0.13916701057700975,0.8102726046630727,0.7047151791178352,0.0023106246016332266,1.0
10,4,9,0.2582005499420777,0.6609106629882618,0.5403411951933792,-0.019021443802410443,1.0
10,5,6,0.1531047253086752,0.7667374288752216,0.6767786235043217,0.03960925090839973,1.0
10,5,7,0.15228824472745933,0.7690366403948926,0.6277590281511208,0.020666406815561755,1.0
10,5,8,0.1446599284454648,0.79220807216094,0.6698483242591675,-0.015552939070963001,1.0
10,5,9,0.2197151298440208,0.6965760842923625,0.5875758833955158,-0.03688500747500667,1.0
10,6,7,0.1750588316044952,0.7333352151408086,0.6697707502208133,-0.018942844092837974,1.0
10,6,8,0.21406470267442299,0.6912339972980445,0.5473908715142608,-0.05516218997936273,1.0
10,6,9,0.23528619315869276,0.6737725338901903,0.5483988510912021,-0.0764942583834064,1.0
10,7,8,0.09121671666401204,0.8689960715011623,0.8163431432786729,-0.036219345886524756,1.0
10,7,9,0.2927068042759895,0.5958385919974902,0.3787651979755237,-0.057551414290568426,1.0
10,8,9,0.2540765599236773,0.666149201261951,0.4516886581426248,-0.02133206840404367,1.0
11,0,1,0.25625803727964536,0.648253878718066,0.4719839373350512,-0.01069218265552152,1.0
11,0,2,0.18886811327621658,0.7306692540120299,0.6323679357695053,0.05632945641343279,1.0
11,0,3,0.1468466218933357,0.8083192962376754,0.7175358229774284,0.005291441477103254,1.0
11,0,4,0.21934907072379872,0.7009487168881856,0.5731904508481315,-0.009829181250538666,1.0
11,0,5,0.1710233798891498,0.7541497360079019,0.6992273868015214,-0.015617325365699597,1.0
11,0,6,0.14900307187153503,0.7982026030043855,0.7101728473935376,-0.013269880207871898,1.0
11,0,7,0.22997629067414868,0.684863596696171,0.5151459810117416,0.02074976098560488,1.0
11,0,8,0.16906197532692743,0.7712280047393639,0.6682975957576627,-0.005044051696064034,1.0
11,0,9,0.1663334996792259,0.7736442679347721,0.6417945190562251,0.018755931729301456,1.0
11,0,10,0.1495187791100995,0.7816334071753354,0.6689164365567075,0.06280659818901413,1.0
11,1,2,0.24383381673177704,0.6481833726346862,0.5294900997702312,0.06702163906895431,1.0
11,1,3,0.22884877553450272,0.6980573006125499,0.539167487663305,0.015983624132624774,1.0
11,1,4,0.2082135897006934,0.7129292750876035,0.6114866968045558,0.0008630014049828549,1.0
11,1,5,0.2538904284657034,0.630684118942163,0.46201149051353846,-0.0049251427101780765,1.0
11,1,6,0.15720917211340749,0.7847041260488745,0.6537238240749063,-0.0025776975523503776,1.0
11,1,7,0.23541842486383602,0.6737497464311242,0.5789164597570851,0.0314419436411264,1.0
11,1,8,0.15054470504011372,0.7940054049259059,0.6783475308139661,0.005648130959457487,1.0
11,1,9,0.2666051088416111,0.6331054924430796,0.5063578122803511,0.029448114384822976,1.0
11,1,10,0.24703832791324865,0.6348479763761739,0.4947980390168306,0.07349878084453565,1.0
11,2,3,0.18535940507537563,0.7463053202195737,0.5806276700423539,-0.051038014936329534,1.0
11,2,4,0.20546734245565376,0.705643731111653,0.6027095221807723,-0.06615863766397145,1.0
11,2,5,0.1644808339779364,0.750854539793867,0.7049231780529757,-0.07194678177913238,1.0
11,2,6,0.20438812331694806,0.7092295101779116,0.5757611018838595,-0.06959933662130469,1.0
11,2,7,0.18947201993302723,0.727106269969501,0.6531030228991446,-0.035579695427827907,1.0
11,2,8,0.2265149227633753,0.6780341956375353,0.5436338539925445,-0.06137350810949682,1.0
11,2,9,0.22112752833771795,0.6838197838306234,0.5969143336114117,-0.03757352468413133,1.0
11,2,10,0.14907185235693335,0.7703951909375649,0.6350293891567678,0.006477141775581341,1.0
11,3,4,0.216292101850844,0.7164769576062303,0.5440122791633387,-0.01512062272764192,1.0
11,3,5,0.18943285400845455,0.7387242552905326,0.6608682416326344,-0.02090876684280285,1.0
11,3,6,0.1685361372969941,0.7804860284754174,0.6425299146204109,-0.01856132168497515,1.0
11,3,7,0.24690151212991615,0.6747690210831259,0.49293871387916105,0.015458319508501628,1.0
11,3,8,0.16985619059949542,0.7789446654000454,0.6337072796552629,-0.010335493173167287,1.0
11,3,9,0.16075924082660722,0.7896433401370146,0.6269034204515239,0.013464490252198202,1.0
11,3,10,0.11819577098535784,0.8344839293373719,0.6724878630424962,0.057515156711910875,1.0
11,4,5,0.18209764031099734,0.7370102053332129,0.6125265831171738,-0.005788144115160931,1.0
11,4,6,0.14928726559631394,0.7969301994458177,0.7388727960179033,-0.0034406989573332325,1.0
11,4,7,0.1602639473941866,0.7794149454715448,0.6691869177405935,0.030578942236143547,1.0
11,4,8,0.14077440900635257,0.8086707892280978,0.7608541860253317,0.004785129554474632,1.0
11,4,9,0.2668865460086932,0.6352041437076668,0.48448403886078834,0.02858511297984012,1.0
11,4,10,0.2431592641253189,0.6431933341152954,0.4777993487041766,0.0726357794395528,1.0
11,5,6,0.14373144855839967,0.7938771874323107,0.682454416305122,0.002347445157827699,1.0
11,5,7,0.18296475884703498,0.734332247866128,0.625911419482947,0.03636708635130448,1.0
11,5,8,0.16276231906705735,0.766792069727358,0.6442013025929593,0.010573273669635563,1.0
11,5,9,0.2149669745736008,0.6901432724139357,0.5990475745833139,0.03437325709500105,1.0
11,5,10,0.21443667930559812,0.6668400010793232,0.5716335442510518,0.07842392355471373,1.0
11,6,7,0.18099123243977192,0.7525538318378728,0.5993307479979934,0.03401964119347678,1.0
11,6,8,0.05303337430368561,0.9283978195023092,0.9195097843688209,0.008225828511807864,1.0
11,6,9,0.16107862070653592,0.7812922403699996,0.6589003357843094,0.032025811937173354,1.0
11,6,10,0.22036411350900648,0.6789491678812687,0.5149786817570381,0.07607647839688603,1.0
11,7,8,0.19651094241233255,0.731562572050375,0.6038196598142425,-0.025793812681668915,1.0
11,7,9,0.19713213801842558,0.7291729985250188,0.6967459475940293,-0.0019938292563034254,1.0
11,7,10,0.2649396415853081,0.6091019838442064,0.41125190322545574,0.04205683720340925,1.0
11,8,9,0.16581362588977452,0.7750519862911978,0.6517302683321796,0.02379998342536549,1.0
11,8,10,0.23661640591933902,0.6555812009941625,0.4860573980842387,0.06785064988507816,1.0
11,9,10,0.20951867957726808,0.6931642527362407,0.4778113698244011,0.04405066645971267,1.0
12,0,1,0.24749334474591064,0.6713227265106828,0.4732760186257964,-0.02203423754892231,1.0
12,0,2,0.18909281449262713,0.7377738731396263,0.6221292015918435,-0.05255506205924887,1.0
12,0,3,0.2255086739845385,0.687775807615613,0.5750707858566567,-0.038075901925556876,1.0
12,0,4,0.22092220272325994,0.7049018874449722,0.5602699646483441,-0.030523149556634044,1.0
12,0,5,0.20969130525327404,0.6930576059797956,0.5480201537239424,-0.009281028118896528,1.0
12,0,6,0.23059185990282718,0.6791967914981989,0.5105564940356653,-0.000544352524665781,1.0
12,0,7,0.23715799008530228,0.669429990263088,0.5001319635178902,-0.051934900819372576,1.0
12,0,8,0.17749027612406895,0.7632322358154822,0.6479391412136989,-0.03832769250006807,1.0
12,0,9,0.25918481447141434,0.6576282807756293,0.46457135496759766,-0.03296663176264636,1.0
12,0,10,0.17207721677548232,0.7483817018780373,0.5959121219319415,-0.02352471031341763,1.0
12,0,11,0.21685181062738124,0.6997471843477487,0.559441142698455,-0.03456422091405853,1.0
12,1,2,0.23091035197902177,0.7003896457303992,0.5325404013270767,-0.03052082451032656,1.0
12,1,3,0.28794441768067286,0.6269480590038502,0.4506600912149597,-0.016041664376634568,1.0
12,1,4,0.20177640484432424,0.7472221455295368,0.6345760221607127,-0.008488912007711735,1.0
12,1,5,0.23560427242139154,0.6784691935309608,0.517708248150947,0.01275320943002578,1.0
12,1,6,0.18610737065446098,0.7577961978813307,0.6076480814195949,0.021489885024256528,1.0
12,1,7,0.19414269991229413,0.7468862583129038,0.6163441485870896,-0.029900663270450267,1.0
12,1,8,0.23110952752797284,0.7108365550195447,0.5210111224835615,-0.016293454951145758,1.0
12,1,9,0.1967369224951353,0.7560982832732708,0.6655450143838754,-0.01093239421372405,1.0
12,1,10,0.19139559685713065,0.739057557864957,0.5918873669466266,-0.0014904727644953208,1.0
12,1,11,0.21749789688027588,0.7182038168522965,0.5791148133198843,-0.012529983365136221,1.0
12,2,3,0.13489801438079804,0.8176978343705921,0.7723455928274527,0.014479160133691993,1.0
12,2,4,0.18134383133839277,0.7633649649331951,0.6653698013341672,0.022031912502614825,1.0
12,2,5,0.15929031377429517,0.772723545654228,0.6873073526092336,0.04327403394035234,1.0
12,2,6,0.204433183958614,0.7224259012915881,0.591791271933532,0.05201070953458309,1.0
12,2,7,0.2028599388240421,0.7240472025725792,0.5838911043958614,0.0006201612398762935,1.0
12,2,8,0.057842538468519375,0.9246196913328447,0.881658523296716,0.014227369559180802,1.0
12,2,9,0.16437563872158267,0.7878289364220132,0.6493175988429687,0.01958843029660251,1.0
12,2,10,0.18660222815868494,0.7340280417896545,0.6423622760321233,0.02903035174583124,1.0
12,2,11,0.1399998463171608,0.8107943635748965,0.7269277363272454,0.01799084114519034,1.0
12,3,4,0.21839092203960367,0.7154527742559411,0.5958446461595078,0.007552752368922833,1.0
12,3,5,0.2629173894377953,0.6254872354657243,0.5240324211651574,0.028794873806660348,1.0
12,3,6,0.2125149912320227,0.7119061070028883,0.6183666127226757,0.037531549400891095,1.0
12,3,7,0.24688621954539133,0.6646865146967523,0.5620032099317414,-0.0138589988938157,1.0
12,3,8,0.13615382648681354,0.8228322014166928,0.7886536664687265,-0.00025179057451119036,1.0
12,3,9,0.20202078131411488,0.7396273490447206,0.5998005007948584,0.0051092701629105175,1.0
12,3,10,0.2552564864778361,0.6367724478144154,0.5200529914771257,0.014551191612139247,1.0
12,3,11,0.22336034075521358,0.6986073352281575,0.5755830580671454,0.0035116810114983465,1.0
12,4,5,0.18562664039813354,0.7451583025036216,0.6485808045304456,0.021242121437737516,1.0
12,4,6,0.19665286787605774,0.7426122123453486,0.5662169276398135,0.029978797031968263,1.0
12,4,7,0.26147607806305795,0.6571522303583683,0.4786553253612679,-0.021411751262738532,1.0
12,4,8,0.19525111578565604,0.7543630235407356,0.6104687879861357,-0.007804542943434023,1.0
12,4,9,0.1251557560220577,0.8439970976472271,0.7656608228751333,-0.002443482206012315,1.0
12,4,10,0.14596108693802912,0.7998119846778738,0.7083438334669493,0.006998439243216414,1.0
12,4,11,0.18792714127616028,0.7551338260807517,0.6952598092653116,-0.004041071357424486,1.0
12,5,6,0.18589912971892392,0.7338805921273528,0.5892382282613561,0.008736675594230747,1.0
12,5,7,0.1844076172752972,0.7354954745915737,0.6147428981046621,-0.04265387270047605,1.0
12,5,8,0.1858023724312376,0.7452663600253305,0.61739173620839,-0.02904666438117154,1.0
12,5,9,0.21036224253883778,0.7144872196276915,0.5789799531306038,-0.02368560364374983,1.0
12,5,10,0.09198539957547879,0.8613930255641782,0.8733820004022581,-0.014243682194521101,1.0
12,5,11,0.16474840951202488,0.7653125437075904,0.7028043792471298,-0.025283192795162,1.0
12,6,7,0.11424734690373171,0.8440979564313529,0.8064823691783642,-0.051390548294706795,1.0
12,6,8,0.17590042363399963,0.7700745007160388,0.6456136495915978,-0.037783339975402286,1.0
12,6,9,0.20106128512242127,0.7396999029223997,0.57868201475056,-0.03242227923798058,1.0
12,6,10,0.14860537186617345,0.7874866713429676,0.6383319040019034,-0.02298035778875185,1.0
12,6,11,0.16025182096935522,0.7827460118336359,0.6383341172754006,-0.03401986838939275,1.0
12,7,8,0.18595649525533428,0.7564925250561861,0.6283481804327885,0.013607208319304509,1.0
12,7,9,0.22362170160521241,0.7099765988605496,0.5506640192303278,0.018968269056726217,1.0
12,7,10,0.16956525326564603,0.7570355658342702,0.6349467240988438,0.028410190505954946,1.0
12,7,11,0.22153941258912965,0.6990976970420744,0.5445896879265248,0.017370679905314046,1.0
12,8,9,0.19510345300945348,0.7571117929936502,0.6045205386944146,0.005361060737421708,1.0
12,8,10,0.21148635230841273,0.7103398301624131,0.5788408894614337,0.014802982186650437,1.0
12,8,11,0.19171338951034478,0.7505250915552417,0.6032855168603636,0.003763471586009537,1.0
12,9,10,0.21669231895757363,0.7061829710939421,0.5641078273286024,0.00944192144922873,1.0
12,9,11,0.1915180643224756,0.7531527091108047,0.624070281751258,-0.001597589151412171,1.0
12,10,11,0.12273277845768053,0.8253438529211141,0.7505873523346596,-0.0110395106006409,1.0
13,0,1,0.17955504806073702,0.7379487023171437,0.672011491174294,0.049475443679833475,1.0
13,0,2,0.22215337736795504,0.6964806785357165,0.5523867872852846,0.08481138273270061,1.0
13,0,3,0.19933023767087646,0.7135543443572216,0.6359746278820184,0.0344219819659034,1.0
13,0,4,0.18146347911952573,0.755133549542296,0.6164686108212788,0.08954619234173378,1.0
13,0,5,0.25360703579297617,0.6533531219025218,0.45061033271243317,0.08896830176852122,1.0
13,0,6,0.20568306674759299,0.7196245509520276,0.6008775365127962,0.05489703085017683,1.0
13,0,7,0.15772435436274523,0.771538163359895,0.7134914354983379,0.028496116205663946,1.0
13,0,8,0.0571087310965978,0.9249359434048562,0.8885528267423466,0.0027958618761446674,1.0
13,0,9,0.14750996275309974,0.7991380262730022,0.7359492314125418,0.030113840956325633,1.0
13,0,10,0.11802152163662927,0.8464591081618377,0.732678606691091,0.008175583942732434,1.0
13,0,11,0.2162743580288596,0.7019103919406292,0.49563636033075725,0.044851561121050376,1.0
13,0,12,0.24664801797964747,0.6473828207821685,0.4576074725905479,0.05283412521987485,1.0
13,1,2,0.22211880427389635,0.6757655903527944,0.5366555875282492,0.03533593905286714,1.0
13,1,3,0.1358003477244568,0.7907563349604207,0.7541109779268975,-0.015053461713930072,1.0
13,1,4,0.26659517536208927,0.6159691303272594,0.46046381279021664,0.0400707486619003,1.0
13,1,5,0.23438058694480013,0.6577045199167217,0.5024441649145632,0.03949285808868774,1.0
13,1,6,0.1719879199957604,0.7495552360565035,0.6330571146950019,0.005421587170343356,1.0
13,1,7,0.1525631485823536,0.7629189523601664,0.7222125201352587,-0.02097932747416953,1.0
13,1,8,0.19166542109393775,0.7315351661980651,0.6288930146364586,-0.04667958180368881,1.0
13,1,9,0.1252276611793715,0.8178549016756822,0.7227447040823052,-0.019361602723507843,1.0
13,1,10,0.2575305075309121,0.6432088941342134,0.4763238797366698,-0.04129985973710104,1.0
13,1,11,0.2098061609627006,0.6908550378400753,0.5006083294945358,-0.004623882558783099,1.0
13,1,12,0.2324333772291755,0.6438399845404862,0.5327029840205137,0.003358681540041375,1.0
13,2,3,0.23301096209939057,0.6650891767429619,0.5335808476520841,-0.05038940076679721,1.0
13,2,4,0.19554137950916728,0.7360890609301681,0.6328273186833621,0.004734809609033164,1.0
13,2,5,0.2637603587319012,0.6394087341003483,0.5021776224002099,0.004156919035820605,1.0
13,2,6,0.14942803901727472,0.7962709283291755,0.7310450213572323,-0.029914351882523782,1.0
13,2,7,0.26772122177515817,0.6121336122337476,0.4537030513403325,-0.05631526652703667,1.0
13,2,8,0.24987262031650762,0.6715079860538324,0.48535094866921,-0.08201552085655595,1.0
13,2,9,0.18847704515789368,0.7433068863132158,0.6506936466447065,-0.05469754177637498,1.0
13,2,10,0.16134588564787117,0.7900593270500367,0.7158745673774652,-0.07663579878996818,1.0
13,2,11,0.23850297317708938,0.6712120055544584,0.5623222959850385,-0.03995982161165024,1.0
13,2,12,0.26919633640023494,0.6150730443810286,0.48931056831298214,-0.03197725751282576,1.0
13,3,4,0.22350346008766228,0.682922787463344,0.5757479959957643,0.055124210375830374,1.0
13,3,5,0.1939140596313734,0.721153807452835,0.6214689118161276,0.054546319802617815,1.0
13,3,6,0.21582221311527552,0.6905393295226737,0.5740663782087349,0.020475048884273428,1.0
13,3,7,0.17191773671296426,0.7372053441838863,0.651969968101823,-0.005925865760239457,1.0
13,3,8,0.20829980057610514,0.7125373889961397,0.598876606918228,-0.031626120089758736,1.0
13,3,9,0.22471131349709722,0.6781562557464741,0.5597819778655544,-0.004308141009577771,1.0
13,3,10,0.19082235433757397,0.739484696035109,0.6338433992276996,-0.02624639802317097,1.0
13,3,11,0.1630965121722378,0.7634053762963976,0.6203210468305629,0.010429579155146973,1.0
13,3,12,0.23460333565783723,0.6463053845107767,0.5715121654034445,0.018412143253971447,1.0
13,4,5,0.20817038540178134,0.7189213275889369,0.6142105721691025,-0.0005778905732125583,1.0
13,4,6,0.2183241440800983,0.7060045859927881,0.600900952096653,-0.034649161491556946,1.0
13,4,7,0.2726946170428876,0.6100948534921917,0.4538084418586571,-0.06105007613606983,1.0
13,4,8,0.1585492280405875,0.7940416162350412,0.6777988750595475,-0.08675033046558911,1.0
13,4,9,0.2501694571972254,0.6634778566500374,0.5097783615989803,-0.059432351385408144,1.0
13,4,10,0.14522557449819853,0.8132572280935257,0.7191352139753657,-0.08137060839900134,1.0
13,4,11,0.259598056679179,0.6465874124289059,0.5236738467285372,-0.0446946312206834,1.0
13,4,12,0.19126468946377262,0.730039036959389,0.6363709143809548,-0.03671206712185893,1.0
13,5,6,0.2598689645174932,0.6455397874395102,0.5076835240824419,-0.03407127091834439,1.0
13,5,7,0.27897605673388265,0.5956378623347285,0.40908708649016445,-0.06047218556285727,1.0
13,5,8,0.22054197885334417,0.709943430086691,0.5226453187655786,-0.08617243989237655,1.0
13,5,9,0.2755517627950534,0.6245510362949399,0.44480172694871994,-0.058854460812195586,1.0
13,5,10,0.20109315380277196,0.7382303010842388,0.6087076132839255,-0.08079271782578878,1.0
13,5,11,0.17897174888189007,0.7531682962103354,0.6314132367549178,-0.04411674064747084,1.0
13,5,12,0.22366846587740008,0.6800254144312139,0.5822700589214658,-0.03613417654864637,1.0
13,6,7,0.23778832652579876,0.6563328158674944,0.5267937027831813,-0.026400914644512885,1.0
13,6,8,0.23822838884271,0.6875035282237539,0.5353701891947475,-0.052101168974032164,1.0
13,6,9,0.16662720743221082,0.7735810207536192,0.7006082131768717,-0.0247831898938512,1.0
13,6,10,0.18670240682653952,0.757593743677472,0.6717058862017713,-0.0467214469074444,1.0
13,6,11,0.29127969826205397,0.5993810591183519,0.4064079390246712,-0.010045469729126455,1.0
13,6,12,0.22008581248330256,0.686048119657954,0.5752568091919853,-0.002062905630301981,1.0
13,7,8,0.16695011206673338,0.7678397404893221,0.6748174244807068,-0.02570025432951928,1.0
13,7,9,0.1940031759366563,0.7199321219589186,0.6079965465539863,0.0016177247506616865,1.0
13,7,10,0.23771789438217825,0.6730066967779759,0.5110513578535941,-0.020320532262931512,1.0
13,7,11,0.2262683937108927,0.6691259656615751,0.48046536017060804,0.01635544491538643,1.0
13,7,12,0.2641669616500766,0.598404734725212,0.4373829683389417,0.024338009014210904,1.0
13,8,9,0.17163599174660463,0.7750881061949696,0.6690733546930808,0.027317979080180965,1.0
13,8,10,0.17448313659417625,0.7811865281931085,0.6247928409099276,0.0053797220665877665,1.0
13,8,11,0.2006116989063702,0.7340339036733342,0.5469756761067637,0.04205569924490571,1.0
13,8,12,0.18974518215280034,0.7394393647301246,0.5389023026636667,0.05003826334373018,1.0
13,9,10,0.21078296610561456,0.7266075976832781,0.5975422946818647,-0.0219382570135932,1.0
13,9,11,0.27589486078983444,0.6209507588765171,0.40663384622837456,0.014737720164724744,1.0
13,9,12,0.22840389454353083,0.6745473046840228,0.5083110252061285,0.022720284263549217,1.0
13,10,11,0.22350784529586049,0.7067367203874506,0.5551895692681511,0.03667597717831794,1.0
13,10,12,0.2709566768176832,0.6318943691790952,0.4843872408719832,0.044658541277142416,1.0
13,11,12,0.2526902285042829,0.6353432545515465,0.4759709594677923,0.007982564098824474,1.0
14,0,1,0.21101283400388554,0.7040599125735505,0.5222859467117715,0.022879005628652527,1.0
14,0,2,0.2599939939127857,0.6725889662263399,0.49917129558536183,0.0007722523665670833,1.0
14,0,3,0.16944032102284298,0.7765072774107574,0.6615770133643767,-0.002644987070219984,1.0
14,0,4,0.24705691640796984,0.6767331562291395,0.4732677606399235,0.011254814164656568,1.0
14,0,5,0.22760855754051446,0.7012709663312184,0.5557543931704169,-0.025349485443370456,1.0
14,0,6,0.24414157196264605,0.6773687654163376,0.5170406321473944,-0.027922428012893907,1.0
14,0,7,0.13594656664083768,0.8207900960863529,0.7301455005877511,-0.003056062877638155,1.0
14,0,8,0.19785608285435652,0.7410896205730269,0.621125031825706,0.022085921680621068,1.0
14,0,9,0.21873633482663934,0.7135616704337535,0.5666204401978112,0.010839711892261072,1.0
14,0,10,0.23346427479218837,0.6968032015444182,0.56113186697184,-0.0008005280128196013,1.0
14,0,11,0.17001420452136187,0.7605713562693002,0.6131996156617824,0.05294677039502638,1.0
14,0,12,0.18739297079440928,0.7349622518666417,0.5658915785153491,0.0327019171793711,1.0
14,0,13,0.11276494327274446,0.8418778183133029,0.7685140702905575,0.04415305911424927,1.0
14,1,2,0.22478534011310294,0.6880835554409745,0.47859344304720675,-0.022106753262085443,1.0
14,1,3,0.13841914263252433,0.7978442243643362,0.7132847749088157,-0.02552399269887251,1.0
14,1,4,0.1775664305936016,0.7429624534438176,0.6165656274983106,-0.011624191463995959,1.0
14,1,5,0.12184061994578495,0.8230324849035782,0.7355385693781501,-0.04822849107202298,1.0
14,1,6,0.24359143738696507,0.6435013473723316,0.4423216494229147,-0.050801433641546434,1.0
14,1,7,0.23004206758999352,0.6642490153295079,0.5216732446670158,-0.02593506850629068,1.0
14,1,8,0.21159708328830404,0.6936731220842421,0.5345896913580522,-0.0007930839480314589,1.0
14,1,9,0.08497338781507138,0.8768876866766075,0.7637063651752255,-0.012039293736391454,1.0
14,1,10,0.2563906217590063,0.6319280004347094,0.43852990880707715,-0.023679533641472128,1.0
14,1,11,0.22613506248748735,0.6448054659274478,0.4972952055854063,0.03006776476637385,1.0
14,1,12,0.16307104424350014,0.7426321961495453,0.6189224119493868,0.009822911550718572,1.0
14,1,13,0.2526407961001468,0.6050753687210559,0.44344129534110127,0.021274053485596744,1.0
14,2,3,0.20512013982401575,0.7321422923504886,0.5639987605081916,-0.0034172394367870673,1.0
14,2,4,0.1924151879638683,0.7507200808806185,0.5991998566907506,0.010482561798089485,1.0
14,2,5,0.24270442306507795,0.6846177713153421,0.5236641221374045,-0.02612173780993754,1.0
14,2,6,0.1796493501942245,0.7649656245832982,0.6473036240679729,-0.02869468037946099,1.0
14,2,7,0.20284777053430056,0.7352623282913996,0.6292873183630612,-0.003828315244205238,1.0
14,2,8,0.20735681579534213,0.731340740233646,0.635487603813581,0.021313669314053985,1.0
14,2,9,0.19654890603237396,0.7451637484581671,0.5864036178863175,0.01006745952569399,1.0
14,2,10,0.1986915638348292,0.7444949289518659,0.604659877286863,-0.0015727803793866846,1.0
14,2,11,0.2875410114656455,0.599366748574437,0.3977432229470802,0.052174518028459294,1.0
14,2,12,0.1816455632445541,0.7458350457716761,0.5857358192565864,0.031929664812804015,1.0
14,2,13,0.24482472239032785,0.6603355224450117,0.5121406356785659,0.04338080674768219,1.0
14,3,4,0.12210231675519564,0.8340866885714727,0.7427277548957254,0.013899801234876552,1.0
14,3,5,0.15016321248753658,0.7953100035147752,0.7634678724948362,-0.022704498373150472,1.0
14,3,6,0.2632129886878134,0.6386471722987997,0.43022425535346426,-0.025277440942673923,1.0
14,3,7,0.23962925642821184,0.6718657962647296,0.5444944224232297,-0.00041107580741817085,1.0
14,3,8,0.18662174696110911,0.7463955516187015,0.6254634046171498,0.024730908750841052,1.0
14,3,9,0.10906622614572428,0.8516775173781092,0.8258110147489807,0.013484698962481056,1.0
14,3,10,0.228003028434925,0.6925934927158661,0.5473889232602369,0.0018444590574003827,1.0
14,3,11,0.12123706927100782,0.8221737726722445,0.7011888412342304,0.05559175746524636,1.0
14,3,12,0.12841727701544242,0.8107983423831564,0.7293298655724568,0.03534690424959108,1.0
14,3,13,0.2132695031186878,0.6885851137486391,0.5419610163186461,0.046798046184469255,1.0
14,4,5,0.17191396864348624,0.7675948340838438,0.7082197635215347,-0.036604299608027024,1.0
14,4,6,0.21316103095055977,0.7097929889791849,0.557351849514286,-0.039177242177550475,1.0
14,4,7,0.2384177861559418,0.6762308290627281,0.48846776883248494,-0.014310877042294723,1.0
14,4,8,0.15771333649399044,0.7874429045814477,0.6027760168553151,0.0108311075159645,1.0
14,4,9,0.1464581715096782,0.8024667414830636,0.7277433190123075,-0.0004151022723954956,1.0
14,4,10,0.17609969501193973,0.7645104402087675,0.6675002019346336,-0.01205534217747617,1.0
14,4,11,0.16280369550401147,0.763324236608109,0.6021123848339365,0.04169195623036981,1.0
14,4,12,0.20364738817033456,0.702633387994039,0.5576165551921608,0.02144710301471453,1.0
14,4,13,0.25852620981989216,0.6258363478886267,0.4265909699966538,0.0328982449495927,1.0
14,5,6,0.27835428682382507,0.6198312459383168,0.4289598152768984,-0.002572942569523451,1.0
14,5,7,0.21776528256996922,0.7033390385947409,0.5732871015075189,0.0222934225657323,1.0
14,5,8,0.20716212108270513,0.7199200248282231,0.5776093028558399,0.047435407123991524,1.0
14,5,9,0.13009758488306356,0.823980256772583,0.773959736637383,0.03618919733563153,1.0
14,5,10,0.25507611841741384,0.6578340909355617,0.5084107066547531,0.024548957430550855,1.0
14,5,11,0.2033288472218362,0.7034072320576864,0.5871975930751588,0.07829625583839683,1.0
14,5,12,0.17000272748477313,0.7509148556144761,0.6672951746979062,0.058051402622741555,1.0
14,5,13,0.24601107446813908,0.6427459517393905,0.48726510724568545,0.06950254455761973,1.0
14,6,7,0.19032203460831362,0.7388740482976817,0.627444457870743,0.024866365135255752,1.0
14,6,8,0.20003232298768586,0.727643572750233,0.5973575203186138,0.050008349693514975,1.0
14,6,9,0.22932437285497462,0.6875285276309862,0.5038013202305348,0.03876213990515498,1.0
14,6,10,0.1911300343327869,0.7418110860803697,0.6575552837029898,0.027121900000074306,1.0
14,6,11,0.2761040263612083,0.5941711522042775,0.42487090391477467,0.08086919840792028,1.0
14,6,12,0.26438140528241527,0.6096571251999644,0.41944958904989266,0.060624345192265006,1.0
14,6,13,0.21787493048358228,0.6811961309680064,0.562897300490449,0.07207548712714318,1.0
14,7,8,0.14842956932554907,0.7984167064598018,0.7382329385839845,0.025141984558259223,1.0
14,7,9,0.2091486862917439,0.7157430181992562,0.6022550912726029,0.013895774769899227,1.0
14,7,10,0.21672452291247615,0.7079736546311337,0.5754126853111037,0.0022555348648185536,1.0
14,7,11,0.2429915140165094,0.6438193531111621,0.46669287663904,0.05600283327266453,1.0
14,7,12,0.20706377197219458,0.6951240490066039,0.576454168959948,0.03575798005700925,1.0
14,7,13,0.12227287823888579,0.8215728937358406,0.7639056869764634,0.047209121991887426,1.0
14,8,9,0.17292810651064025,0.7667459359315646,0.6692452555828187,-0.011246209788359995,1.0
14,8,10,0.22207435525205976,0.7030056674944675,0.5717795628230331,-0.02288644969344067,1.0
14,8,11,0.19862764188446147,0.7112186717848862,0.5176080938172961,0.03086084871440531,1.0
14,8,12,0.22106599371156643,0.6771688945394214,0.5692649093127957,0.01061599549875003,1.0
14,8,13,0.16588589269400134,0.7598922439990944,0.6919473267074182,0.022067137433628203,1.0
14,9,10,0.180685204851711,0.7581816150084589,0.6271289612566966,-0.011640239905080674,1.0
14,9,11,0.19617594362405308,0.7145567533264278,0.5859166252642217,0.042107058502765304,1.0
14,9,12,0.1502779074774739,0.7803684626125278,0.6626993110796159,0.021862205287110026,1.0
14,9,13,0.22924861390601697,0.6679170932722809,0.5242575394173641,0.0333133472219882,1.0
14,10,11,0.22911249648605586,0.6696929140528819,0.5149546889669272,0.05374729840784598,1.0
14,10,12,0.25166913149347464,0.6355760680027989,0.44713733156010366,0.0335024451921907,1.0
14,10,13,0.233753606901173,0.6644857806989412,0.5205585840383249,0.04495358712706887,1.0
14,11,12,0.19551871330679924,0.6899817284804287,0.5351422958327816,-0.02024485321565528,1.0
14,11,13,0.20020184919507353,0.6856010598385288,0.5290521579025083,-0.008793711280777106,1.0
14,12,13,0.20203837564234317,0.6811947657863556,0.5810327774278257,0.011451141934878173,1.0
