k,state,Q_total,n_modules,module_pvalues,n_sig_fdr_0.05,n_sig_fdr_0.01,n_sig_bonf_0.05
12,8,0.6453565253266227,7,"[1.99980002e-04 9.99900010e-05 2.02579742e-01 9.99900010e-05
 9.99900010e-05 2.99970003e-04 3.29967003e-03]",6,6,6
12,1,0.6290630703754769,7,"[9.99900010e-05 9.99900010e-05 9.99900010e-05 9.99900010e-05
 9.99900010e-05 1.43885611e-01 9.99900010e-05]",6,6,6
12,4,0.6375519823831887,7,"[9.99900010e-05 9.99900010e-05 2.63973603e-02 9.99900010e-05
 1.79982002e-03 9.99900010e-05 9.99900010e-05]",7,6,6
12,10,0.6305535431399723,5,[9.9990001e-05 9.9990001e-05 9.9990001e-05 9.9990001e-05 9.9990001e-05],5,5,5
12,7,0.6589637336459272,6,"[9.99900010e-05 9.99900010e-05 3.45965403e-02 9.99900010e-05
 9.99900010e-05 7.06929307e-02]",5,4,4
12,2,0.6595838948858035,6,"[9.99900010e-05 9.99900010e-05 9.99900010e-05 9.99900010e-05
 9.99900010e-05 4.99950005e-04]",6,6,6
12,5,0.6163098609454511,5,"[9.99900010e-05 9.99900010e-05 9.99900010e-05 9.99900010e-05
 1.99980002e-04]",5,5,5
12,0,0.6118976116294256,7,"[9.99900010e-05 9.99900010e-05 9.99900010e-05 5.89941006e-03
 9.99900010e-05 5.99940006e-04 4.81351865e-01]",6,6,6
12,9,0.639995464589201,7,"[9.99900010e-05 9.99900010e-05 9.99900010e-05 1.99980002e-04
 9.99900010e-05 9.99900010e-05 9.99900010e-05]",7,7,7
12,3,0.6441343523079107,6,"[9.99900010e-05 9.99900010e-05 9.99900010e-05 9.99900010e-05
 2.99970003e-04 7.47925207e-02]",5,5,5
12,11,0.6415930537406132,6,"[9.9990001e-05 9.9990001e-05 9.9990001e-05 9.9990001e-05 9.9990001e-05
 9.9990001e-05]",6,6,6
12,6,0.616668393588085,7,"[9.99900010e-05 9.99900010e-05 2.89971003e-03 9.99900010e-05
 9.99900010e-05 1.99980002e-04 9.99900010e-05]",7,7,7
8,4,0.645546400052106,6,"[9.99900010e-05 9.99900010e-05 1.80681932e-01 9.99900010e-05
 9.99900010e-05 1.19988001e-03]",5,5,5
8,1,0.6604473115485305,6,"[9.9990001e-05 9.9990001e-05 9.9990001e-05 9.9990001e-05 9.9990001e-05
 9.9990001e-05]",6,6,6
8,2,0.5819313742974226,6,"[1.49985001e-03 9.99900010e-05 9.99900010e-05 9.99900010e-05
 9.47905209e-02 9.99900010e-04]",5,5,5
8,7,0.6280924975191973,6,"[9.99900010e-05 9.99900010e-05 9.99900010e-05 9.99900010e-05
 3.55964404e-02 1.99980002e-04]",6,5,5
8,0,0.609844514395987,6,"[9.9990001e-05 9.9990001e-05 9.9990001e-05 9.9990001e-05 9.9990001e-05
 9.9990001e-05]",6,6,6
8,5,0.6268136693194124,6,"[9.9990001e-05 9.9990001e-05 9.9990001e-05 9.9990001e-05 9.9990001e-05
 9.9990001e-05]",6,6,6
8,6,0.6578522643294943,6,"[9.99900010e-05 9.99900010e-05 9.99900010e-05 9.99900010e-05
 9.99900010e-05 2.10378962e-01]",5,5,5
8,3,0.6359964081972026,6,"[9.99900010e-05 9.99900010e-05 9.99900010e-05 1.99980002e-04
 9.99900010e-04 9.99900010e-05]",6,6,6
13,6,0.6179896744314732,6,"[2.09979002e-03 9.99900010e-05 9.99900010e-05 9.99900010e-05
 1.40385961e-01 9.99900010e-05]",5,5,5
13,3,0.6384647233157467,5,[9.9990001e-05 9.9990001e-05 9.9990001e-05 9.9990001e-05 9.9990001e-05],5,5,5
13,0,0.666201721504988,6,"[9.99900010e-05 9.99900010e-05 2.99970003e-04 9.99900010e-05
 9.99900010e-05 9.99900010e-05]",6,6,6
13,10,0.6647111213389176,7,"[9.99900010e-05 9.99900010e-05 7.47925207e-02 9.99900010e-05
 9.99900010e-05 9.99900010e-05 2.99970003e-04]",6,6,6
13,9,0.6427728643253244,6,"[9.99900010e-05 9.99900010e-05 9.99900010e-05 9.99900010e-05
 6.31936806e-02 1.99980002e-04]",5,5,5
13,5,0.5839184035131288,6,"[9.99900010e-05 9.99900010e-05 4.21957804e-01 9.99900010e-05
 2.59974003e-02 2.99970003e-04]",5,4,4
13,2,0.5880753225489495,6,"[3.79962004e-03 9.99900010e-05 9.99900010e-05 9.99900010e-05
 9.39906009e-02 6.99930007e-04]",5,5,5
13,12,0.6184537938685386,5,[9.9990001e-05 9.9990001e-05 9.9990001e-05 9.9990001e-05 9.9990001e-05],5,5,5
13,7,0.6443905890759861,5,[9.9990001e-05 9.9990001e-05 9.9990001e-05 9.9990001e-05 9.9990001e-05],5,5,5
13,4,0.5767291393914784,5,"[9.99900010e-05 9.99900010e-05 9.99900010e-05 9.99900010e-05
 1.99980002e-04]",5,5,5
13,11,0.6271865428518286,6,"[9.99900010e-05 9.99900010e-05 2.66973303e-02 1.29987001e-03
 9.99900010e-05 9.99900010e-05]",6,5,5
13,8,0.6700908434055054,7,"[9.99900010e-05 9.99900010e-05 2.89971003e-02 9.99900010e-05
 9.99900010e-05 9.99900010e-05 9.99900010e-05]",7,6,6
13,1,0.6234112616018166,5,"[9.99900010e-05 9.99900010e-05 9.99900010e-05 1.39786021e-01
 9.99900010e-05]",4,4,4
9,3,0.6416360538917837,6,"[9.99900010e-05 9.99900010e-05 9.99900010e-05 9.99900010e-05
 5.99940006e-04 2.73072693e-01]",5,5,5
9,6,0.6487355057932668,6,"[9.99900010e-05 9.99900010e-05 9.99900010e-05 4.73952605e-02
 9.99900010e-05 2.39976002e-03]",6,5,5
9,5,0.5882916331323346,7,"[3.89961004e-03 9.99900010e-05 2.53674633e-01 9.99900010e-05
 9.99900010e-05 2.89971003e-03 1.99980002e-04]",6,6,6
9,0,0.6101071637102409,6,"[9.99900010e-05 9.99900010e-05 9.99900010e-05 9.99900010e-05
 1.79982002e-03 2.69973003e-03]",6,6,6
9,7,0.6540597181609411,6,"[9.99900010e-05 9.99900010e-05 9.99900010e-05 9.99900010e-05
 5.99940006e-03 9.99900010e-05]",6,6,6
9,2,0.6056516902591995,4,[9.9990001e-05 9.9990001e-05 9.9990001e-05 9.9990001e-05],4,4,4
9,1,0.6315966800468609,6,"[9.9990001e-05 9.9990001e-05 9.9990001e-05 9.9990001e-05 9.9990001e-05
 9.9990001e-05]",6,6,6
9,8,0.6703134797613528,7,"[9.99900010e-05 9.99900010e-05 9.99900010e-05 9.99900010e-05
 1.85281472e-01 1.52284772e-01 9.99900010e-05]",5,5,5
9,4,0.6026966906638832,5,[9.9990001e-05 9.9990001e-05 9.9990001e-05 9.9990001e-05 9.9990001e-05],5,5,5
2,0,0.6010913770854148,5,[9.9990001e-05 9.9990001e-05 9.9990001e-05 9.9990001e-05 9.9990001e-05],5,5,5
2,1,0.6482607700619083,5,"[9.99900010e-05 9.99900010e-05 9.99900010e-05 1.99980002e-04
 9.99900010e-05]",5,5,5
11,4,0.6489954800359395,6,"[9.99900010e-05 9.99900010e-05 1.74282572e-01 9.99900010e-05
 9.99900010e-05 9.99900010e-05]",5,5,5
11,1,0.6498584814409224,6,"[9.99900010e-05 9.99900010e-05 1.02589741e-01 4.99950005e-04
 9.99900010e-05 1.99980002e-04]",5,5,5
11,8,0.6442103504814649,6,"[9.9990001e-05 9.9990001e-05 9.9990001e-05 9.9990001e-05 9.9990001e-05
 9.9990001e-05]",6,6,6
11,10,0.5699929186883065,4,[9.99900010e-05 9.99900010e-05 9.99900010e-05 1.39986001e-03],4,4,4
11,2,0.5828368423719681,5,"[7.99920008e-04 9.99900010e-05 9.99900010e-05 9.99900010e-05
 3.79962004e-03]",5,5,5
11,7,0.618416537799796,6,"[9.99900010e-05 9.99900010e-05 1.55884412e-01 4.73952605e-02
 9.99900010e-05 9.99900010e-05]",4,4,4
11,9,0.6204103670560994,6,"[9.99900010e-05 9.99900010e-05 2.09979002e-03 7.89921008e-02
 9.99900010e-05 9.99900010e-05]",5,5,5
11,0,0.6391662987854009,6,"[9.99900010e-05 9.99900010e-05 9.99900010e-05 9.99900010e-05
 5.67943206e-02 9.99900010e-05]",5,5,5
11,5,0.666123341582941,6,"[9.99900010e-05 9.99900010e-05 9.99900010e-05 2.99970003e-04
 4.09959004e-03 9.99900010e-05]",6,6,6
11,6,0.6524361789932728,6,"[9.9990001e-05 9.9990001e-05 9.9990001e-05 9.9990001e-05 9.9990001e-05
 9.9990001e-05]",6,6,6
11,3,0.6325128546747394,6,"[9.9990001e-05 9.9990001e-05 9.9990001e-05 9.9990001e-05 9.9990001e-05
 9.9990001e-05]",6,6,6
10,3,0.6424942899962232,6,"[9.9990001e-05 9.9990001e-05 9.9990001e-05 9.9990001e-05 9.9990001e-05
 9.9990001e-05]",6,6,6
10,6,0.5975989180334212,5,"[9.99900010e-05 9.99900010e-05 2.95070493e-01 9.99900010e-05
 9.99900010e-05]",4,4,4
10,5,0.6560792155363894,6,"[9.9990001e-05 9.9990001e-05 9.9990001e-05 9.9990001e-05 9.9990001e-05
 9.9990001e-05]",6,6,6
10,9,0.6740931764168276,7,"[9.99900010e-05 9.99900010e-05 9.99900010e-05 9.99900010e-05
 1.79782022e-01 1.46485351e-01 9.99900010e-05]",5,5,5
10,0,0.6559556695081583,6,"[9.9990001e-05 9.9990001e-05 9.9990001e-05 9.9990001e-05 9.9990001e-05
 9.9990001e-05]",6,6,6
10,7,0.6165417621262592,5,[9.9990001e-05 9.9990001e-05 9.9990001e-05 9.9990001e-05 9.9990001e-05],5,5,5
10,2,0.6281810460399393,5,[9.9990001e-05 9.9990001e-05 9.9990001e-05 9.9990001e-05 9.9990001e-05],5,5,5
10,1,0.6023044287510813,6,"[9.99900010e-05 2.99970003e-04 9.99900010e-05 5.31946805e-02
 5.69943006e-03 6.17038296e-01]",4,4,4
10,8,0.6355505604794406,5,"[9.99900010e-05 9.99900010e-05 9.99900010e-05 1.99980002e-04
 9.99900010e-05]",5,5,5
10,4,0.6550717326144172,6,"[9.99900010e-05 9.99900010e-05 1.55184482e-01 9.99900010e-05
 9.99900010e-05 9.99900010e-05]",5,5,5
3,2,0.6473239071655343,5,"[9.99900010e-05 9.99900010e-05 9.99900010e-05 1.99980002e-04
 9.99900010e-05]",5,5,5
3,1,0.5844404777171737,7,"[2.12978702e-02 9.99900010e-05 2.96370363e-01 9.99900010e-05
 9.99900010e-05 6.78932107e-02 5.99940006e-04]",5,4,4
3,0,0.6375498227442543,6,"[9.9990001e-05 9.9990001e-05 9.9990001e-05 9.9990001e-05 9.9990001e-05
 9.9990001e-05]",6,6,6
6,1,0.6342665915369785,6,"[9.9990001e-05 9.9990001e-05 9.9990001e-05 9.9990001e-05 9.9990001e-05
 9.9990001e-05]",6,6,6
6,4,0.6278427737013248,6,"[9.9990001e-05 9.9990001e-05 9.9990001e-05 9.9990001e-05 9.9990001e-05
 9.9990001e-05]",6,6,6
6,2,0.5824472667335356,4,[9.99900010e-05 9.99900010e-05 9.99900010e-05 1.29987001e-03],4,4,4
6,5,0.6183597331058539,6,"[9.9990001e-05 9.9990001e-05 9.9990001e-05 9.9990001e-05 9.9990001e-05
 9.9990001e-05]",6,6,6
6,0,0.6309677545866657,5,[9.9990001e-05 9.9990001e-05 9.9990001e-05 9.9990001e-05 9.9990001e-05],5,5,5
6,3,0.6346280821074878,6,"[9.99900010e-05 9.99900010e-05 9.99900010e-05 5.06949305e-02
 9.99900010e-05 9.99900010e-05]",5,5,5
14,13,0.590111085087597,4,[9.9990001e-05 9.9990001e-05 9.9990001e-05 9.9990001e-05],4,4,4
14,2,0.6383612525215258,7,"[9.99900010e-05 9.99900010e-05 1.39986001e-03 2.99970003e-04
 9.99900010e-05 1.47685231e-01 9.99900010e-05]",6,6,6
14,7,0.642189567765731,6,"[9.99900010e-05 9.99900010e-05 1.57484252e-01 9.99900010e-05
 9.99900010e-05 9.99900010e-05]",5,5,5
14,4,0.6278786907234363,6,"[9.9990001e-05 9.9990001e-05 9.9990001e-05 9.9990001e-05 9.9990001e-05
 9.9990001e-05]",6,6,6
14,10,0.6399340329009124,6,"[9.9990001e-05 9.9990001e-05 9.9990001e-05 9.9990001e-05 9.9990001e-05
 9.9990001e-05]",6,6,6
14,1,0.6418435082251204,6,"[9.99900010e-05 9.99900010e-05 9.99900010e-05 9.99900010e-05
 3.99960004e-04 9.99900010e-05]",6,6,6
14,8,0.6183846169008601,6,"[9.99900010e-05 9.99900010e-05 3.79962004e-03 9.99900010e-05
 9.99900010e-05 1.99980002e-04]",6,6,6
14,6,0.6670559329009867,6,"[9.99900010e-05 9.99900010e-05 9.99900010e-05 9.99900010e-05
 3.41065893e-01 9.99900010e-05]",5,5,5
14,3,0.6380582901509698,6,"[9.99900010e-05 9.99900010e-05 9.99900010e-05 4.11958804e-02
 4.99950005e-04 9.99900010e-05]",6,5,5
14,12,0.6064315877087217,5,"[9.99900010e-05 9.99900010e-05 9.99900010e-05 3.17968203e-01
 9.99900010e-05]",4,4,4
14,9,0.6282937929958318,6,"[9.9990001e-05 9.9990001e-05 9.9990001e-05 9.9990001e-05 9.9990001e-05
 9.9990001e-05]",6,6,6
14,0,0.6391335048880928,7,"[9.99900010e-04 9.99900010e-05 2.39876012e-01 9.99900010e-05
 9.99900010e-05 2.14178582e-01 3.96960304e-02]",4,4,4
14,11,0.5861867344930665,5,"[9.99900010e-05 9.99900010e-05 1.99980002e-04 1.38186181e-01
 4.39956004e-03]",4,4,4
14,5,0.6662123343498392,6,"[9.99900010e-05 9.99900010e-05 9.99900010e-05 9.99900010e-05
 1.99980002e-04 9.99900010e-05]",6,6,6
7,6,0.6436721045558953,6,"[9.99900010e-05 9.99900010e-05 9.99900010e-05 9.99900010e-05
 1.26687331e-01 3.45265473e-01]",4,4,4
7,3,0.6426637899854641,7,"[9.99900010e-05 3.89961004e-03 9.99900010e-05 9.99900010e-05
 9.99900010e-05 9.99900010e-05 9.99900010e-05]",7,7,7
7,0,0.6134533503841682,6,"[9.99900010e-05 9.99900010e-05 1.19988001e-02 9.99900010e-05
 9.99900010e-05 9.99900010e-05]",6,5,5
7,5,0.6196524202951272,7,"[9.99900010e-05 9.99900010e-05 1.46185381e-01 9.99900010e-05
 9.99900010e-05 1.79982002e-03 5.99940006e-04]",6,6,6
7,2,0.6371608023895885,6,"[9.99900010e-05 9.99900010e-05 9.99900010e-05 6.70932907e-02
 1.99980002e-04 9.99900010e-05]",5,5,5
7,4,0.6634922364141961,6,"[9.99900010e-05 9.99900010e-05 9.99900010e-05 9.99900010e-05
 1.39986001e-03 9.99900010e-05]",6,6,6
7,1,0.5735320011897861,6,"[1.76982302e-02 9.99900010e-05 9.99900010e-05 9.99900010e-05
 1.42485751e-01 3.99960004e-04]",5,4,4
5,4,0.6333069408191632,6,"[9.9990001e-05 9.9990001e-05 9.9990001e-05 9.9990001e-05 9.9990001e-05
 9.9990001e-05]",6,6,6
5,1,0.622630618012769,5,"[9.99900010e-05 9.99900010e-05 9.99900010e-05 1.74382562e-01
 9.99900010e-05]",4,4,4
5,2,0.6271712561932448,5,"[9.99900010e-05 9.99900010e-05 2.61373863e-01 9.99900010e-05
 9.99900010e-05]",4,4,4
5,0,0.6023237350682604,6,"[9.99900010e-05 1.99980002e-04 9.99900010e-05 4.15958404e-02
 6.09939006e-03 6.34036596e-01]",5,4,4
5,3,0.6555927790118783,6,"[9.9990001e-05 9.9990001e-05 9.9990001e-05 9.9990001e-05 9.9990001e-05
 9.9990001e-05]",6,6,6
4,3,0.6315976466384099,6,"[9.99900010e-05 9.99900010e-05 9.99900010e-05 9.99900010e-05
 1.99980002e-04 9.99900010e-05]",6,6,6
4,0,0.6234709757170606,6,"[9.9990001e-05 9.9990001e-05 9.9990001e-05 9.9990001e-05 9.9990001e-05
 9.9990001e-05]",6,6,6
4,2,0.6587771999035057,6,"[9.99900010e-05 9.99900010e-05 9.99900010e-05 1.99980002e-04
 4.59954005e-03 9.99900010e-05]",6,6,6
4,1,0.5794634751967581,6,"[1.90980902e-02 9.99900010e-05 9.99900010e-05 9.99900010e-05
 1.73082692e-01 1.29987001e-03]",5,4,4
