k,state,Q_total,Q_pvalue,Q_z_score,n_modules,n_sig_uncorrected,n_sig_fdr_0.05,n_sig_fdr_0.01,n_sig_fdr_0.001,n_sig_bonferroni_0.05
2,0,0.6010913770854148,0.009900990099009901,43.43344550877023,5,5,5,5,0,5
2,1,0.6482607700619083,0.009900990099009901,35.166115378905175,5,5,5,5,0,5
3,0,0.6375498227442543,0.009900990099009901,46.68885891363862,6,6,6,6,0,0
3,1,0.5840234428922342,0.009900990099009901,48.66052331176005,7,7,7,7,0,0
3,2,0.6473239071655343,0.009900990099009901,38.91031369370426,5,5,5,5,0,5
4,0,0.6234709757170606,0.009900990099009901,37.35553990556035,6,6,6,6,0,0
4,1,0.5794634751967581,0.009900990099009901,45.78467937253219,6,6,6,6,0,0
4,2,0.6587771999035057,0.009900990099009901,40.30801042888753,6,6,6,6,0,0
4,3,0.6315976466384099,0.009900990099009901,41.81750295155965,6,6,6,6,0,0
5,0,0.6023237350682604,0.009900990099009901,46.59389503457971,6,6,6,6,0,0
5,1,0.622630618012769,0.009900990099009901,35.01774423895892,5,5,5,5,0,5
5,2,0.6271712561932448,0.009900990099009901,38.94804411457358,5,5,5,5,0,5
5,3,0.6555927790118783,0.009900990099009901,42.05348877130949,6,6,6,6,0,0
5,4,0.6333069408191632,0.009900990099009901,45.41343132327739,6,6,6,6,0,0
6,0,0.6309677545866657,0.009900990099009901,42.82218968237674,5,5,5,5,0,5
6,1,0.6342665915369785,0.009900990099009901,42.56384030872279,6,6,6,6,0,0
6,2,0.5824472667335356,0.009900990099009901,30.45054215519822,4,4,4,4,0,4
6,3,0.6346280821074878,0.009900990099009901,40.30599438371439,6,6,6,6,0,0
6,4,0.6278427737013248,0.009900990099009901,44.650391462452255,6,6,6,6,0,0
6,5,0.6169100799886378,0.009900990099009901,42.31219429285208,6,6,6,6,0,0
7,0,0.6134533503841682,0.009900990099009901,38.39402608425178,6,6,6,6,0,0
7,1,0.5735320011897861,0.009900990099009901,47.32949901830693,6,6,6,6,0,0
7,2,0.6371608023895885,0.009900990099009901,42.802799327565424,6,6,6,6,0,0
7,3,0.6426637899854641,0.009900990099009901,39.063528540656534,7,7,7,7,0,0
7,4,0.6587340157361693,0.009900990099009901,38.15083841164393,6,6,6,6,0,0
7,5,0.6154362459844188,0.009900990099009901,41.30725262010418,7,7,7,7,0,0
7,6,0.6436721045558953,0.009900990099009901,43.459331605117114,6,6,6,6,0,0
8,0,0.609844514395987,0.009900990099009901,43.57993692719338,6,6,6,6,0,0
8,1,0.6604473115485305,0.009900990099009901,43.31568694445025,6,6,6,6,0,0
8,2,0.5824636652159287,0.009900990099009901,41.873619122523834,6,6,6,6,0,0
8,3,0.6359964081972026,0.009900990099009901,41.7195899583496,6,6,6,6,0,0
8,4,0.645546400052106,0.009900990099009901,47.303087854935335,6,6,6,6,0,0
8,5,0.6268136693194124,0.009900990099009901,42.27096425484735,6,6,6,6,0,0
8,6,0.6578522643294943,0.009900990099009901,35.65167804313183,6,6,6,6,0,0
8,7,0.6280924975191973,0.009900990099009901,43.144674534302276,6,6,6,6,0,0
9,0,0.6101071637102409,0.009900990099009901,42.27481427702874,6,6,6,6,0,0
9,1,0.6315966800468609,0.009900990099009901,46.225325039313475,6,6,6,6,0,0
9,2,0.6196175254703504,0.009900990099009901,38.84466621644524,5,5,5,5,0,5
9,3,0.6416360538917837,0.009900990099009901,48.334079273413245,6,6,6,6,0,0
9,4,0.6063437928681082,0.009900990099009901,40.358867605984116,5,5,5,5,0,5
9,5,0.5882916331323346,0.009900990099009901,50.965091142627735,7,7,7,7,0,0
9,6,0.6500025626217902,0.009900990099009901,41.6736506403578,6,6,6,6,0,0
9,7,0.6540597181609411,0.009900990099009901,39.59720499599984,6,6,6,6,0,0
9,8,0.6703134797613528,0.009900990099009901,36.62764554378079,7,7,7,7,0,0
10,0,0.6559556695081583,0.009900990099009901,40.82666068337881,6,6,6,6,0,0
10,1,0.6016250676395827,0.009900990099009901,36.34728483480089,6,6,6,6,0,0
10,2,0.6281810460399393,0.009900990099009901,37.925052525753706,5,5,5,5,0,5
10,3,0.6424942899962232,0.009900990099009901,49.35930331453058,6,6,6,6,0,0
10,4,0.6550717326144172,0.009900990099009901,47.25979040556507,6,6,6,6,0,0
10,5,0.637208168941821,0.009900990099009901,32.0118421717947,5,5,5,5,0,5
10,6,0.5975989180334212,0.009900990099009901,38.1209580786999,5,5,5,5,0,5
10,7,0.6165417621262592,0.009900990099009901,37.548137109762564,5,5,5,5,0,5
10,8,0.652761108012784,0.009900990099009901,39.68728442210502,6,6,6,6,0,0
10,9,0.6740931764168276,0.009900990099009901,45.24905727087639,7,7,7,7,0,0
11,0,0.6391662987854009,0.009900990099009901,43.74718555077042,6,6,6,6,0,0
11,1,0.6498584814409224,0.009900990099009901,40.46218671568003,6,6,6,6,0,0
11,2,0.5828368423719681,0.009900990099009901,43.23227227257168,5,5,5,5,0,5
11,3,0.6338748573082976,0.009900990099009901,45.83059092155705,7,7,7,7,0,0
11,4,0.6489954800359395,0.009900990099009901,45.166579968492414,6,6,6,6,0,0
11,5,0.6547836241511005,0.009900990099009901,35.99750366139889,5,5,5,5,0,5
11,6,0.6524361789932728,0.009900990099009901,40.76993516722817,6,6,6,6,0,0
11,7,0.618416537799796,0.009900990099009901,36.555025526997476,6,6,6,6,0,0
11,8,0.6442103504814649,0.009900990099009901,36.801274946014466,6,6,6,6,0,0
11,9,0.6204103670560994,0.009900990099009901,43.34321020587045,6,6,6,6,0,0
11,10,0.5763597005963867,0.009900990099009901,40.72781032534604,5,5,5,5,0,5
12,0,0.6070288328265546,0.009900990099009901,41.30801976566378,6,6,6,6,0,0
12,1,0.6290630703754769,0.009900990099009901,45.50957142193939,7,7,7,7,0,0
12,2,0.6595838948858035,0.009900990099009901,39.12813330601699,6,6,6,6,0,0
12,3,0.6451047347521115,0.009900990099009901,49.02455330324638,6,6,6,6,0,0
12,4,0.6375519823831887,0.009900990099009901,42.102907096721815,7,7,7,7,0,0
12,5,0.6163098609454511,0.009900990099009901,40.98697172124033,5,5,5,5,0,5
12,6,0.6075731853512204,0.009900990099009901,40.76530915567888,6,6,6,6,0,0
12,7,0.6589637336459272,0.009900990099009901,47.80848378438423,6,6,6,6,0,0
12,8,0.6453565253266227,0.009900990099009901,40.6717686374789,7,7,7,7,0,0
12,9,0.639995464589201,0.009900990099009901,44.51548064849925,7,7,7,7,0,0
12,10,0.6305535431399723,0.009900990099009901,42.827343619105925,5,5,5,5,0,5
12,11,0.6415930537406132,0.009900990099009901,46.24327675735829,6,6,6,6,0,0
13,0,0.6728867052816501,0.009900990099009901,34.998457660879815,6,6,6,6,0,0
13,1,0.6234112616018166,0.009900990099009901,36.372034279481895,5,5,5,5,0,5
13,2,0.5880753225489495,0.009900990099009901,39.91868547702303,6,6,6,6,0,0
13,3,0.6384647233157467,0.009900990099009901,37.693761319318874,5,5,5,5,0,5
13,4,0.5833405129399163,0.009900990099009901,43.34600110430119,6,6,6,6,0,0
13,5,0.5839184035131288,0.009900990099009901,38.39545495874866,6,6,6,6,0,0
13,6,0.6179896744314732,0.009900990099009901,38.22277016153222,6,6,6,6,0,0
13,7,0.6443905890759861,0.009900990099009901,35.81635631127414,5,5,5,5,0,5
13,8,0.6700908434055054,0.009900990099009901,44.186829255851,7,7,7,7,0,0
13,9,0.6427728643253244,0.009900990099009901,44.32316801805048,6,6,6,6,0,0
13,10,0.6647111213389176,0.009900990099009901,48.56178716670352,7,7,7,7,0,0
13,11,0.6280351441605997,0.009900990099009901,41.31043618363613,6,6,6,6,0,0
13,12,0.6200525800617752,0.009900990099009901,39.74744208958517,5,5,5,5,0,5
14,0,0.6391335048880928,0.009900990099009901,39.67719861189918,7,7,7,7,0,0
14,1,0.6162544992594403,0.009900990099009901,38.52366039932115,5,5,5,5,0,5
14,2,0.6383612525215258,0.009900990099009901,41.91879774936709,7,7,7,7,0,0
14,3,0.6417784919583128,0.009900990099009901,44.46001378408104,6,6,6,6,0,0
14,4,0.6278786907234363,0.009900990099009901,42.37675797875024,6,6,6,6,0,0
14,5,0.6644829903314633,0.009900990099009901,45.96505534456986,6,6,6,6,0,0
14,6,0.6670559329009867,0.009900990099009901,44.39973393661019,6,6,6,6,0,0
14,7,0.642189567765731,0.009900990099009901,44.15085429710191,6,6,6,6,0,0
14,8,0.6170475832074718,0.009900990099009901,42.91153513514178,6,6,6,6,0,0
14,9,0.6282937929958318,0.009900990099009901,44.01951249812456,6,6,6,6,0,0
14,10,0.6399340329009124,0.009900990099009901,46.32233858761428,6,6,6,6,0,0
14,11,0.5861867344930665,0.009900990099009901,35.59397266255497,5,5,5,5,0,5
14,12,0.6064315877087217,0.009900990099009901,39.289548455041825,5,5,5,5,0,5
14,13,0.5949804457738436,0.009900990099009901,33.22507483259917,5,5,5,5,0,5
